<font>
  <info face="bitter" size="72" bold="0" italic="1" charset="" unicode="" stretchH="100" smooth="1" aa="1" padding="2,2,2,2" spacing="0,0" outline="0"/>
  <common lineHeight="86" base="58" scaleW="443" scaleH="512" pages="1" packed="0"/>
  <pages>
    <page id="0" file="bitter.png"/>
  </pages>
  <chars count="95">
    <char id="32" x="2" y="2" width="0" height="0" xoffset="0" yoffset="58" xadvance="18" page="0" chnl="15"/>
    <char id="33" x="2" y="4" width="17" height="55" xoffset="4" yoffset="4" xadvance="24" page="0" chnl="15"/>
    <char id="34" x="2" y="61" width="22" height="18" xoffset="6" yoffset="2" xadvance="29" page="0" chnl="15"/>
    <char id="35" x="21" y="2" width="43" height="44" xoffset="4" yoffset="15" xadvance="50" page="0" chnl="15"/>
    <char id="36" x="2" y="81" width="36" height="64" xoffset="2" yoffset="4" xadvance="39" page="0" chnl="15"/>
    <char id="37" x="2" y="147" width="47" height="52" xoffset="5" yoffset="7" xadvance="57" page="0" chnl="15"/>
    <char id="38" x="40" y="48" width="43" height="52" xoffset="3" yoffset="7" xadvance="48" page="0" chnl="15"/>
    <char id="39" x="26" y="48" width="10" height="18" xoffset="6" yoffset="2" xadvance="14" page="0" chnl="15"/>
    <char id="40" x="2" y="201" width="25" height="72" xoffset="5" yoffset="2" xadvance="24" page="0" chnl="15"/>
    <char id="41" x="2" y="275" width="25" height="72" xoffset="-6" yoffset="2" xadvance="24" page="0" chnl="15"/>
    <char id="42" x="40" y="102" width="24" height="23" xoffset="6" yoffset="5" xadvance="31" page="0" chnl="15"/>
    <char id="43" x="66" y="2" width="38" height="39" xoffset="3" yoffset="20" xadvance="44" page="0" chnl="15"/>
    <char id="44" x="2" y="349" width="14" height="21" xoffset="-1" yoffset="48" xadvance="17" page="0" chnl="15"/>
    <char id="45" x="40" y="127" width="20" height="6" xoffset="4" yoffset="35" xadvance="28" page="0" chnl="15"/>
    <char id="46" x="40" y="135" width="10" height="10" xoffset="2" yoffset="48" xadvance="19" page="0" chnl="15"/>
    <char id="47" x="2" y="372" width="39" height="51" xoffset="-2" yoffset="7" xadvance="32" page="0" chnl="15"/>
    <char id="48" x="2" y="425" width="39" height="52" xoffset="4" yoffset="7" xadvance="45" page="0" chnl="15"/>
    <char id="49" x="29" y="201" width="30" height="51" xoffset="2" yoffset="7" xadvance="36" page="0" chnl="15"/>
    <char id="50" x="51" y="147" width="39" height="51" xoffset="0" yoffset="7" xadvance="42" page="0" chnl="15"/>
    <char id="51" x="85" y="43" width="37" height="52" xoffset="-1" yoffset="7" xadvance="38" page="0" chnl="15"/>
    <char id="52" x="29" y="254" width="39" height="52" xoffset="0" yoffset="6" xadvance="43" page="0" chnl="15"/>
    <char id="53" x="61" y="200" width="38" height="51" xoffset="0" yoffset="7" xadvance="39" page="0" chnl="15"/>
    <char id="54" x="29" y="308" width="36" height="52" xoffset="5" yoffset="7" xadvance="43" page="0" chnl="15"/>
    <char id="55" x="92" y="97" width="36" height="51" xoffset="3" yoffset="7" xadvance="37" page="0" chnl="15"/>
    <char id="56" x="124" y="2" width="39" height="52" xoffset="4" yoffset="7" xadvance="45" page="0" chnl="15"/>
    <char id="57" x="43" y="362" width="36" height="52" xoffset="4" yoffset="7" xadvance="45" page="0" chnl="15"/>
    <char id="58" x="106" y="2" width="14" height="34" xoffset="3" yoffset="25" xadvance="21" page="0" chnl="15"/>
    <char id="59" x="92" y="150" width="17" height="44" xoffset="-1" yoffset="25" xadvance="21" page="0" chnl="15"/>
    <char id="60" x="124" y="56" width="40" height="39" xoffset="4" yoffset="20" xadvance="44" page="0" chnl="15"/>
    <char id="61" x="2" y="479" width="38" height="20" xoffset="3" yoffset="28" xadvance="43" page="0" chnl="15"/>
    <char id="62" x="165" y="2" width="40" height="39" xoffset="1" yoffset="20" xadvance="44" page="0" chnl="15"/>
    <char id="63" x="43" y="416" width="27" height="55" xoffset="6" yoffset="4" xadvance="33" page="0" chnl="15"/>
    <char id="64" x="67" y="308" width="51" height="52" xoffset="4" yoffset="7" xadvance="59" page="0" chnl="15"/>
    <char id="65" x="70" y="253" width="51" height="51" xoffset="-3" yoffset="7" xadvance="51" page="0" chnl="15"/>
    <char id="66" x="101" y="196" width="43" height="51" xoffset="0" yoffset="7" xadvance="45" page="0" chnl="15"/>
    <char id="67" x="72" y="416" width="44" height="52" xoffset="4" yoffset="7" xadvance="46" page="0" chnl="15"/>
    <char id="68" x="81" y="362" width="49" height="51" xoffset="0" yoffset="7" xadvance="51" page="0" chnl="15"/>
    <char id="69" x="120" y="306" width="43" height="51" xoffset="1" yoffset="7" xadvance="43" page="0" chnl="15"/>
    <char id="70" x="123" y="249" width="43" height="51" xoffset="0" yoffset="7" xadvance="39" page="0" chnl="15"/>
    <char id="71" x="118" y="415" width="47" height="52" xoffset="4" yoffset="7" xadvance="52" page="0" chnl="15"/>
    <char id="72" x="132" y="359" width="58" height="51" xoffset="0" yoffset="7" xadvance="56" page="0" chnl="15"/>
    <char id="73" x="165" y="302" width="28" height="51" xoffset="0" yoffset="7" xadvance="26" page="0" chnl="15"/>
    <char id="74" x="130" y="97" width="34" height="62" xoffset="-6" yoffset="7" xadvance="25" page="0" chnl="15"/>
    <char id="75" x="146" y="161" width="51" height="51" xoffset="0" yoffset="7" xadvance="49" page="0" chnl="15"/>
    <char id="76" x="168" y="214" width="37" height="51" xoffset="-1" yoffset="7" xadvance="38" page="0" chnl="15"/>
    <char id="77" x="167" y="412" width="65" height="51" xoffset="0" yoffset="7" xadvance="63" page="0" chnl="15"/>
    <char id="78" x="192" y="355" width="59" height="51" xoffset="0" yoffset="7" xadvance="56" page="0" chnl="15"/>
    <char id="79" x="195" y="267" width="47" height="52" xoffset="4" yoffset="7" xadvance="53" page="0" chnl="15"/>
    <char id="80" x="234" y="408" width="43" height="51" xoffset="0" yoffset="7" xadvance="41" page="0" chnl="15"/>
    <char id="81" x="166" y="43" width="49" height="65" xoffset="4" yoffset="7" xadvance="53" page="0" chnl="15"/>
    <char id="82" x="199" y="110" width="44" height="51" xoffset="0" yoffset="7" xadvance="45" page="0" chnl="15"/>
    <char id="83" x="207" y="163" width="38" height="52" xoffset="2" yoffset="7" xadvance="42" page="0" chnl="15"/>
    <char id="84" x="217" y="2" width="41" height="51" xoffset="3" yoffset="7" xadvance="40" page="0" chnl="15"/>
    <char id="85" x="217" y="55" width="51" height="51" xoffset="7" yoffset="7" xadvance="55" page="0" chnl="15"/>
    <char id="86" x="260" y="2" width="51" height="51" xoffset="3" yoffset="7" xadvance="48" page="0" chnl="15"/>
    <char id="87" x="245" y="108" width="73" height="51" xoffset="3" yoffset="7" xadvance="70" page="0" chnl="15"/>
    <char id="88" x="270" y="55" width="55" height="51" xoffset="-4" yoffset="7" xadvance="45" page="0" chnl="15"/>
    <char id="89" x="313" y="2" width="45" height="51" xoffset="4" yoffset="7" xadvance="44" page="0" chnl="15"/>
    <char id="90" x="244" y="217" width="40" height="51" xoffset="2" yoffset="7" xadvance="42" page="0" chnl="15"/>
    <char id="91" x="244" y="270" width="27" height="72" xoffset="2" yoffset="2" xadvance="25" page="0" chnl="15"/>
    <char id="92" x="247" y="161" width="22" height="51" xoffset="6" yoffset="7" xadvance="36" page="0" chnl="15"/>
    <char id="93" x="273" y="270" width="27" height="72" xoffset="-3" yoffset="2" xadvance="25" page="0" chnl="15"/>
    <char id="94" x="111" y="161" width="32" height="28" xoffset="2" yoffset="7" xadvance="41" page="0" chnl="15"/>
    <char id="95" x="52" y="135" width="36" height="5" xoffset="-5" yoffset="64" xadvance="36" page="0" chnl="15"/>
    <char id="96" x="146" y="214" width="18" height="15" xoffset="0" yoffset="0" xadvance="18" page="0" chnl="15"/>
    <char id="97" x="72" y="470" width="37" height="40" xoffset="2" yoffset="19" xadvance="43" page="0" chnl="15"/>
    <char id="98" x="253" y="344" width="36" height="57" xoffset="4" yoffset="2" xadvance="42" page="0" chnl="15"/>
    <char id="99" x="111" y="470" width="32" height="40" xoffset="2" yoffset="19" xadvance="33" page="0" chnl="15"/>
    <char id="100" x="286" y="161" width="38" height="57" xoffset="3" yoffset="2" xadvance="42" page="0" chnl="15"/>
    <char id="101" x="145" y="469" width="33" height="40" xoffset="2" yoffset="19" xadvance="36" page="0" chnl="15"/>
    <char id="102" x="279" y="403" width="46" height="74" xoffset="-8" yoffset="2" xadvance="25" page="0" chnl="15"/>
    <char id="103" x="291" y="344" width="37" height="57" xoffset="2" yoffset="19" xadvance="40" page="0" chnl="15"/>
    <char id="104" x="327" y="403" width="38" height="56" xoffset="4" yoffset="2" xadvance="45" page="0" chnl="15"/>
    <char id="105" x="302" y="220" width="16" height="55" xoffset="4" yoffset="3" xadvance="22" page="0" chnl="15"/>
    <char id="106" x="320" y="220" width="30" height="73" xoffset="-10" yoffset="3" xadvance="21" page="0" chnl="15"/>
    <char id="107" x="330" y="295" width="37" height="56" xoffset="4" yoffset="2" xadvance="39" page="0" chnl="15"/>
    <char id="108" x="302" y="277" width="16" height="56" xoffset="4" yoffset="2" xadvance="21" page="0" chnl="15"/>
    <char id="109" x="180" y="465" width="61" height="39" xoffset="4" yoffset="19" xadvance="68" page="0" chnl="15"/>
    <char id="110" x="330" y="353" width="39" height="39" xoffset="4" yoffset="19" xadvance="46" page="0" chnl="15"/>
    <char id="111" x="207" y="217" width="35" height="40" xoffset="2" yoffset="19" xadvance="40" page="0" chnl="15"/>
    <char id="112" x="326" y="108" width="45" height="56" xoffset="-4" yoffset="19" xadvance="42" page="0" chnl="15"/>
    <char id="113" x="360" y="2" width="36" height="56" xoffset="3" yoffset="19" xadvance="40" page="0" chnl="15"/>
    <char id="114" x="166" y="110" width="30" height="39" xoffset="4" yoffset="19" xadvance="31" page="0" chnl="15"/>
    <char id="115" x="327" y="55" width="30" height="40" xoffset="2" yoffset="19" xadvance="33" page="0" chnl="15"/>
    <char id="116" x="243" y="461" width="25" height="49" xoffset="3" yoffset="10" xadvance="26" page="0" chnl="15"/>
    <char id="117" x="359" y="60" width="39" height="39" xoffset="3" yoffset="20" xadvance="46" page="0" chnl="15"/>
    <char id="118" x="327" y="461" width="40" height="39" xoffset="1" yoffset="20" xadvance="38" page="0" chnl="15"/>
    <char id="119" x="326" y="166" width="58" height="39" xoffset="1" yoffset="20" xadvance="56" page="0" chnl="15"/>
    <char id="120" x="398" y="2" width="43" height="39" xoffset="-2" yoffset="20" xadvance="39" page="0" chnl="15"/>
    <char id="121" x="373" y="101" width="44" height="56" xoffset="-2" yoffset="20" xadvance="38" page="0" chnl="15"/>
    <char id="122" x="400" y="43" width="33" height="39" xoffset="0" yoffset="20" xadvance="33" page="0" chnl="15"/>
    <char id="123" x="352" y="207" width="28" height="72" xoffset="2" yoffset="2" xadvance="27" page="0" chnl="15"/>
    <char id="124" x="369" y="394" width="17" height="71" xoffset="1" yoffset="3" xadvance="19" page="0" chnl="15"/>
    <char id="125" x="371" y="281" width="29" height="72" xoffset="-3" yoffset="2" xadvance="27" page="0" chnl="15"/>
    <char id="126" x="400" y="84" width="37" height="11" xoffset="4" yoffset="33" xadvance="45" page="0" chnl="15"/>
    <char id="32" x="0" y="0" width="0" height="0" xoffset="4" yoffset="33" xadvance="18" page="0" chnl="15"/>
  </chars>
</font>